{"0": [0.28349324466374953, -0.6656159100413561], "1": [-0.5886228046448203, 0.18260550144010168], "2": [0.9291745440276549, -0.17006641838727377], "3": [0.8456561201524032, 0.5171383196664461], "4": [0.06757058578548666, -0.9374793640616308], "5": [-0.6433728697871632, 0.7023342111316312], "6": [-0.1275793925560119, -1.0], "7": [-0.3068034498253233, 0.801445314009339], "8": [-0.7356392506452327, -0.685246659837186], "9": [0.8305677169157039, -0.34674583090462674], "10": [0.40779709391148805, 0.8634939649550776], "11": [0.6557203055371063, 0.6694668220326396], "12": [0.6202986420636665, -0.7377175934091391], "13": [-0.4423745805160543, -0.8710240430486341], "14": [-0.8786588487177025, 0.35630564019048844], "15": [-0.9781888785162969, -0.18044854993429815], "16": [-0.9161731766234484, 0.06636130480945449], "17": [-0.2694537136213322, -0.9207049564834775], "18": [-0.27944677128255924, 0.9293623361520257], "19": [0.9849823276869172, -0.017939092533743428], "20": [0.25136641662435477, -0.9649840872442945], "21": [-0.8806461533788884, -0.37210463998467375], "22": [0.7290521499241905, -0.6595261000906982], "23": [0.09459359984281557, 0.9778760324816697], "24": [0.21349945497854905, 0.8804668787227564], "25": [-0.8318564827919337, 0.5494348351627151], "26": [0.8665725938864258, 0.2960502433626889], "27": [-0.754908685332464, -0.4121223896801149], "28": [-0.08379339811798882, 0.9199700117373835], "29": [0.9371736603567082, 0.2294142197867302]}