{"0": [-0.21030389504111652, 0.1339866342349223], "1": [-0.686276203771968, -0.09380126744784975], "2": [0.04349294298611074, 0.5873018552203505], "3": [0.9409456497807932, -0.055354503627251146], "4": [0.3175044116508941, -0.9340065680459958], "5": [-0.9634052933217943, 0.15648417473504164], "6": [0.44887482236380516, -0.4350321477774704], "7": [-0.17756773211429522, 0.2897994381998427], "8": [0.24953975839108458, 0.8754084901509186], "9": [-0.08487325732695192, 0.15087160974955374], "10": [0.783698807630558, -0.40716577667238846], "11": [-0.5572698604077759, -0.26455127812534196], "12": [-0.4176981272626404, 0.8676276101477808], "13": [-0.02691733355069227, 0.13587729251166442], "14": [0.874343311862118, 0.172348544462135], "15": [0.7735578849775001, 0.44603908139718124], "16": [0.5944168018054103, -0.8084618656389224], "17": [0.7589785918423687, -0.5800989988894214], "18": [-0.9761819009435507, -0.011386814836053569], "19": [-0.6425608237359794, 0.8174635818478778], "20": [0.5872564220540273, 0.21120844375052858], "21": [-0.9999999999999999, -0.23247225040361383], "22": [0.15394261318050884, -0.6308713748161887], "23": [-0.5190469167979557, 0.19877561926481493], "24": [-0.7364310942639485, 0.6585743005402191], "25": [0.2870213666191856, -0.8894519553406554], "26": [0.6315514301519024, 0.7275684776491362], "27": [0.08349751003192918, -0.9238103589098975], "28": [-0.9185787825064743, -0.40425960120760773], "29": [0.38848889571694684, 0.24138960787669184]}