{"0": [-0.2728845959472349, 0.7471103845833275], "1": [-0.31891225468586126, 0.6654781484121634], "2": [0.17179000042264111, 0.9297335814805915], "3": [1.0, -0.2231466966582508], "4": [0.3814383403617536, -0.8415738048933469], "5": [-0.6092100924078107, 0.5051807863876682], "6": [-0.37992526732944065, -0.6507330544713933], "7": [0.04851294553228685, -0.24817101157703356], "8": [-0.08354904185671562, -0.7404953925506181], "9": [0.6763397780806981, 0.42055283922948644], "10": [0.5041357022273831, -0.498922256237267], "11": [0.3456774406230155, 0.6423041537471356], "12": [-0.599410799583426, 0.5629720502915156], "13": [-0.1376950172376685, -0.1291019130324935], "14": [0.4924616829990066, 0.7332053492868619], "15": [0.7950964013475517, 0.49450272508363313], "16": [0.6315808188164264, -0.8405259513086856], "17": [0.6286330434839161, 0.494401210123773], "18": [-0.7385645378203538, -0.41477314539975946], "19": [-0.6963072085446068, 0.6525036596321605], "20": [-0.11833097312798549, -0.4147584404461], "21": [-0.3650726783345492, -0.23317927448675416], "22": [0.4664642234991985, -0.7360597018930893], "23": [-0.6784527904971406, -0.42695826986313967], "24": [-0.7866989516752484, -0.09019501432587831], "25": [-0.24630579386502338, -0.7345516228259577], "26": [0.9756974353257264, 0.39554757789493694], "27": [0.2412969300087931, -0.7289960725592657], "28": [-0.6704950915841481, 0.41776015871840183], "29": [-0.6573096482311838, 0.2908889976573788]}